<?xml version="1.0"?>
<doc>
    <assembly>
        <name>Amazon.DateTime</name>
    </assembly>
    <members>
        <member name="P:Amazon.DateTime.AlaskaDateTime.Now">
            <summary>
            Get the Current 'Now' time in Alaska Timezone
            </summary>
        </member>
        <member name="P:Amazon.DateTime.AlaskaDateTime.Today">
            <summary>
            Get the Current 'Today' date in Alaska Timezone
            </summary>
        </member>
        <member name="P:Amazon.DateTime.AlaskaDateTime.Timezone">
            <summary>
            <seealso cref="T:Amazon.DateTime.Timezone"/> enum assoicated to this class
            </summary>
        </member>
        <member name="P:Amazon.DateTime.AlaskaDateTime.DaylightOffset">
            <summary>
            UTC Hour offset for when in daylight time
            </summary>
        </member>
        <member name="P:Amazon.DateTime.AlaskaDateTime.StandardOffset">
            <summary>
            UTC Hour offset for when in standard time
            </summary>
        </member>
        <member name="M:Amazon.DateTime.AlaskaDateTime.Convert(System.DateTime)">
            <summary>
            Convert a <see cref="T:System.DateTime"/> value to the <see cref="T:Amazon.DateTime.AlaskaDateTime"/> equivalent
            </summary>
        </member>
        <member name="M:Amazon.DateTime.AlaskaDateTime.Convert(System.DateTimeOffset)">
            <summary>
            Convert a <see cref="T:System.DateTimeOffset"/> value to the <see cref="T:Amazon.DateTime.AlaskaDateTime"/> equivalent
            </summary>
        </member>
        <member name="M:Amazon.DateTime.AlaskaDateTime.Parse(System.String)">
            <summary>
            Parse a datetime string to get the <see cref="T:Amazon.DateTime.AlaskaDateTime"/>
            </summary>
        </member>
        <member name="M:Amazon.DateTime.AlaskaDateTime.TryParse(System.String,Amazon.DateTime.AlaskaDateTime@)">
            <summary>
            Trys to Parse a datetime string to get the <see cref="T:Amazon.DateTime.AlaskaDateTime"/>
            </summary>
        </member>
        <member name="M:Amazon.DateTime.AlaskaDateTime.Add(System.TimeSpan)">
            <summary>
            Returns a new <seealso cref="T:Amazon.DateTime.AlaskaDateTime"/> object that adds a specified time interval to the value of this instance.
            </summary>
        </member>
        <member name="M:Amazon.DateTime.AlaskaDateTime.AddDays(System.Double)">
            <summary>
            Returns a new <seealso cref="T:Amazon.DateTime.AlaskaDateTime"/> object that adds a specified number of days to the value of this instance.
            </summary>
        </member>
        <member name="M:Amazon.DateTime.AlaskaDateTime.AddHours(System.Double)">
            <summary>
            Returns a new <seealso cref="T:Amazon.DateTime.AlaskaDateTime"/> object that adds a specified number of hours to the value of this instance.
            </summary>
        </member>
        <member name="M:Amazon.DateTime.AlaskaDateTime.AddMilliseconds(System.Double)">
            <summary>
            Returns a new <seealso cref="T:Amazon.DateTime.AlaskaDateTime"/> object that adds a specified number of milliseconds to the value of this instance.
            </summary>
        </member>
        <member name="M:Amazon.DateTime.AlaskaDateTime.AddMinutes(System.Double)">
            <summary>
            Returns a new <seealso cref="T:Amazon.DateTime.AlaskaDateTime"/> object that adds a specified number of minutes to the value of this instance.
            </summary>
        </member>
        <member name="M:Amazon.DateTime.AlaskaDateTime.AddMonths(System.Int32)">
            <summary>
            Returns a new <seealso cref="T:Amazon.DateTime.AlaskaDateTime"/> object that adds a specified number of months to the value of this instance.
            </summary>
        </member>
        <member name="M:Amazon.DateTime.AlaskaDateTime.AddSeconds(System.Double)">
            <summary>
            Returns a new <seealso cref="T:Amazon.DateTime.AlaskaDateTime"/> object that adds a specified number of seconds to the value of this instance.
            </summary>
        </member>
        <member name="M:Amazon.DateTime.AlaskaDateTime.AddTicks(System.Int64)">
            <summary>
            Returns a new <seealso cref="T:Amazon.DateTime.AlaskaDateTime"/> object that adds a specified number of ticks to the value of this instance.
            </summary>
        </member>
        <member name="M:Amazon.DateTime.AlaskaDateTime.AddYears(System.Int32)">
            <summary>
            Returns a new <seealso cref="T:Amazon.DateTime.AlaskaDateTime"/> object that adds a specified number of years to the value of this instance.
            </summary>
        </member>
        <member name="P:Amazon.DateTime.CentralDateTime.Now">
            <summary>
            Get the Current 'Now' time in Central Timezone
            </summary>
        </member>
        <member name="P:Amazon.DateTime.CentralDateTime.Today">
            <summary>
            Get the Current 'Today' date in Central Timezone
            </summary>
        </member>
        <member name="P:Amazon.DateTime.CentralDateTime.Timezone">
            <summary>
            <seealso cref="T:Amazon.DateTime.Timezone"/> enum assoicated to this class
            </summary>
        </member>
        <member name="P:Amazon.DateTime.CentralDateTime.DaylightOffset">
            <summary>
            UTC Hour offset for when in daylight time
            </summary>
        </member>
        <member name="P:Amazon.DateTime.CentralDateTime.StandardOffset">
            <summary>
            UTC Hour offset for when in standard time
            </summary>
        </member>
        <member name="M:Amazon.DateTime.CentralDateTime.Convert(System.DateTime)">
            <summary>
            Convert a <see cref="T:System.DateTime"/> value to the eastern timezone equivalent 
            </summary>
        </member>
        <member name="M:Amazon.DateTime.CentralDateTime.Convert(System.DateTimeOffset)">
            <summary>
            Convert a <see cref="T:System.DateTimeOffset"/> value to the eastern timezone equivalent 
            </summary>
        </member>
        <member name="M:Amazon.DateTime.CentralDateTime.Parse(System.String)">
            <summary>
            Parse a datetime string to get the <see cref="T:Amazon.DateTime.CentralDateTime"/>
            </summary>
        </member>
        <member name="M:Amazon.DateTime.CentralDateTime.TryParse(System.String,Amazon.DateTime.CentralDateTime@)">
            <summary>
            Trys to Parse a datetime string to get the <see cref="T:Amazon.DateTime.CentralDateTime"/>
            </summary>
        </member>
        <member name="M:Amazon.DateTime.CentralDateTime.Add(System.TimeSpan)">
            <summary>
            Returns a new <seealso cref="T:Amazon.DateTime.CentralDateTime"/> object that adds a specified time interval to the value of this instance.
            </summary>
        </member>
        <member name="M:Amazon.DateTime.CentralDateTime.AddDays(System.Double)">
            <summary>
            Returns a new <seealso cref="T:Amazon.DateTime.CentralDateTime"/> object that adds a specified number of days to the value of this instance.
            </summary>
        </member>
        <member name="M:Amazon.DateTime.CentralDateTime.AddHours(System.Double)">
            <summary>
            Returns a new <seealso cref="T:Amazon.DateTime.CentralDateTime"/> object that adds a specified number of hours to the value of this instance.
            </summary>
        </member>
        <member name="M:Amazon.DateTime.CentralDateTime.AddMilliseconds(System.Double)">
            <summary>
            Returns a new <seealso cref="T:Amazon.DateTime.CentralDateTime"/> object that adds a specified number of milliseconds to the value of this instance.
            </summary>
        </member>
        <member name="M:Amazon.DateTime.CentralDateTime.AddMinutes(System.Double)">
            <summary>
            Returns a new <seealso cref="T:Amazon.DateTime.CentralDateTime"/> object that adds a specified number of minutes to the value of this instance.
            </summary>
        </member>
        <member name="M:Amazon.DateTime.CentralDateTime.AddMonths(System.Int32)">
            <summary>
            Returns a new <seealso cref="T:Amazon.DateTime.CentralDateTime"/> object that adds a specified number of months to the value of this instance.
            </summary>
        </member>
        <member name="M:Amazon.DateTime.CentralDateTime.AddSeconds(System.Double)">
            <summary>
            Returns a new <seealso cref="T:Amazon.DateTime.CentralDateTime"/> object that adds a specified number of seconds to the value of this instance.
            </summary>
        </member>
        <member name="M:Amazon.DateTime.CentralDateTime.AddTicks(System.Int64)">
            <summary>
            Returns a new <seealso cref="T:Amazon.DateTime.CentralDateTime"/> object that adds a specified number of ticks to the value of this instance.
            </summary>
        </member>
        <member name="M:Amazon.DateTime.CentralDateTime.AddYears(System.Int32)">
            <summary>
            Returns a new <seealso cref="T:Amazon.DateTime.CentralDateTime"/> object that adds a specified number of years to the value of this instance.
            </summary>
        </member>
        <member name="M:Amazon.DateTime.DateTimeBase.IsDaylightSavingTime">
            <summary>
            Indicates whether this instance of <see cref="T:Amazon.DateTime.DateTimeBase"/> is within the daylight saving time range for the current time zone.
            </summary>
        </member>
        <member name="P:Amazon.DateTime.DateTimeBase.Value">
            <summary>
            Creates a timestamp of the format of 'yyyy-MM-ddTHH:mm:ss.fffzzz'
            <para>Sample: 2020-01-28T16:09:05.366-05:00</para>
            </summary>
        </member>
        <member name="M:Amazon.DateTime.DateTimeBase.ToUniversalTime">
            <summary>
            Converts the value of the current DateTimeBase object to Coordinated Universal Time (UTC)
            </summary>
        </member>
        <member name="M:Amazon.DateTime.DateTimeBase.ToDateTime">
            <summary>
            Converts the value of the current DateTimeBase object to a DateTime struct
            </summary>
        </member>
        <member name="M:Amazon.DateTime.DateTimeBase.ToDateTimeOffset">
            <summary>
            Converts the value of the current DateTimeBase object to a DateTimeOffset struct
            </summary>
        </member>
        <member name="M:Amazon.DateTime.DateTimeBase.ToUnixTimeSeconds">
            <summary>
            Returns the number of seconds that have elapsed since 1970-01-01T00:00:00Z.
            </summary>
        </member>
        <member name="M:Amazon.DateTime.DateTimeBase.ToUnixTimeMilliseconds">
            <summary>
            Returns the number of milliseconds that have elapsed since 1970-01-01T00:00:00.000Z.
            </summary>
        </member>
        <member name="M:Amazon.DateTime.DateTimeBase.ToString">
            <summary>
            returns same string as the <see cref="P:Amazon.DateTime.DateTimeBase.Value"/> property
            </summary>
        </member>
        <member name="M:Amazon.DateTime.DateTimeBase.ToString(System.String)">
            <summary>
            Converts the value of the current <see cref="T:Amazon.DateTime.DateTimeBase"/> object to its equivalent string representation using the specified format.
            </summary>
        </member>
        <member name="M:Amazon.DateTime.DateTimeBase.ToString(System.IFormatProvider)">
            <summary>
            Converts the value of the current <see cref="T:Amazon.DateTime.DateTimeBase"/> object to its equivalent string representation using the specified culture-specific formatting information.
            </summary>
        </member>
        <member name="M:Amazon.DateTime.DateTimeBase.ToString(System.String,System.IFormatProvider)">
            <summary>
            Converts the value of the current <see cref="T:Amazon.DateTime.DateTimeBase"/> object to its equivalent string representation using the specified format and culture-specific format information.
            </summary>
        </member>
        <member name="M:Amazon.DateTime.DateTimeBase.op_Equality(Amazon.DateTime.DateTimeBase,Amazon.DateTime.DateTimeBase)">
            <summary>
            D1 is equal to D2
            </summary>
        </member>
        <member name="M:Amazon.DateTime.DateTimeBase.op_Equality(System.DateTime,Amazon.DateTime.DateTimeBase)">
            <summary>
            D1 is equal to D2
            </summary>
        </member>
        <member name="M:Amazon.DateTime.DateTimeBase.op_Equality(Amazon.DateTime.DateTimeBase,System.DateTime)">
            <summary>
            D1 is equal to D2
            </summary>
        </member>
        <member name="M:Amazon.DateTime.DateTimeBase.op_Inequality(Amazon.DateTime.DateTimeBase,Amazon.DateTime.DateTimeBase)">
            <summary>
            D1 is not equal to D2
            </summary>
        </member>
        <member name="M:Amazon.DateTime.DateTimeBase.op_Inequality(System.DateTime,Amazon.DateTime.DateTimeBase)">
            <summary>
            D1 is not equal to D2
            </summary>
        </member>
        <member name="M:Amazon.DateTime.DateTimeBase.op_Inequality(Amazon.DateTime.DateTimeBase,System.DateTime)">
            <summary>
            D1 is not equal to D2
            </summary>
        </member>
        <member name="M:Amazon.DateTime.DateTimeBase.op_LessThan(Amazon.DateTime.DateTimeBase,Amazon.DateTime.DateTimeBase)">
            <summary>
            D1 is earlier than D2
            <para>D2 is later than D1</para>
            </summary>
        </member>
        <member name="M:Amazon.DateTime.DateTimeBase.op_LessThan(System.DateTime,Amazon.DateTime.DateTimeBase)">
            <summary>
            D1 is earlier than D2
            <para>D2 is later than D1</para>
            </summary>
        </member>
        <member name="M:Amazon.DateTime.DateTimeBase.op_LessThan(Amazon.DateTime.DateTimeBase,System.DateTime)">
            <summary>
            D1 is earlier than D2
            <para>D2 is later than D1</para>
            </summary>
        </member>
        <member name="M:Amazon.DateTime.DateTimeBase.op_GreaterThan(Amazon.DateTime.DateTimeBase,Amazon.DateTime.DateTimeBase)">
            <summary>
            D1 is later than D2
            <para>D2 is earlier than D1</para>
            </summary>
        </member>
        <member name="M:Amazon.DateTime.DateTimeBase.op_GreaterThan(System.DateTime,Amazon.DateTime.DateTimeBase)">
            <summary>
            D1 is later than D2
            <para>D2 is earlier than D1</para>
            </summary>
        </member>
        <member name="M:Amazon.DateTime.DateTimeBase.op_GreaterThan(Amazon.DateTime.DateTimeBase,System.DateTime)">
            <summary>
            D1 is later than D2
            <para>D2 is earlier than D1</para>
            </summary>
        </member>
        <member name="M:Amazon.DateTime.DateTimeBase.op_LessThanOrEqual(Amazon.DateTime.DateTimeBase,Amazon.DateTime.DateTimeBase)">
            <summary>
            D1 is earlier or the same as D2
            <para>D2 is later or the same as D1</para>
            </summary>
        </member>
        <member name="M:Amazon.DateTime.DateTimeBase.op_LessThanOrEqual(System.DateTime,Amazon.DateTime.DateTimeBase)">
            <summary>
            D1 is earlier or thae same as D2
            <para>D2 is later or the same as D1</para>
            </summary>
        </member>
        <member name="M:Amazon.DateTime.DateTimeBase.op_LessThanOrEqual(Amazon.DateTime.DateTimeBase,System.DateTime)">
            <summary>
            D1 is earlier or the same as D2
            <para>D2 is later or the same as D1</para>
            </summary>
        </member>
        <member name="M:Amazon.DateTime.DateTimeBase.op_GreaterThanOrEqual(Amazon.DateTime.DateTimeBase,Amazon.DateTime.DateTimeBase)">
            <summary>
            D1 is later or the same as D2
            D2 is earlier or the same as D1
            <para>D2 is earlier or the same as D1</para>
            </summary>
        </member>
        <member name="M:Amazon.DateTime.DateTimeBase.op_GreaterThanOrEqual(System.DateTime,Amazon.DateTime.DateTimeBase)">
            <summary>
            D1 is later or the same as D2
            D2 is earlier or the same as D1
            <para>D2 is earlier or the same as D1</para>
            </summary>
        </member>
        <member name="M:Amazon.DateTime.DateTimeBase.op_GreaterThanOrEqual(Amazon.DateTime.DateTimeBase,System.DateTime)">
            <summary>
            D1 is later or the same as D2
            D2 is earlier or the same as D1
            <para>D2 is earlier or the same as D1</para>
            </summary>
        </member>
        <member name="M:Amazon.DateTime.DateTimeBase.op_Subtraction(Amazon.DateTime.DateTimeBase,Amazon.DateTime.DateTimeBase)">
            <summary>
            Subtracts one <see cref="T:Amazon.DateTime.DateTimeBase"/> object from another and yields a time interval.
            </summary>
        </member>
        <member name="M:Amazon.DateTime.DateTimeBase.op_Subtraction(Amazon.DateTime.DateTimeBase,System.DateTime)">
            <summary>
            Subtracts one <see cref="T:Amazon.DateTime.DateTimeBase"/> object from another and yields a time interval.
            </summary>
        </member>
        <member name="M:Amazon.DateTime.DateTimeBase.op_Subtraction(Amazon.DateTime.DateTimeBase,System.DateTimeOffset)">
            <summary>
            Subtracts one <see cref="T:Amazon.DateTime.DateTimeBase"/> object from another and yields a time interval.
            </summary>
        </member>
        <member name="M:Amazon.DateTime.DateTimeBase.op_Subtraction(System.DateTime,Amazon.DateTime.DateTimeBase)">
            <summary>
            Subtracts one <see cref="T:Amazon.DateTime.DateTimeBase"/> object from another and yields a time interval.
            </summary>
        </member>
        <member name="M:Amazon.DateTime.DateTimeBase.op_Subtraction(System.DateTimeOffset,Amazon.DateTime.DateTimeBase)">
            <summary>
            Subtracts one <see cref="T:Amazon.DateTime.DateTimeBase"/> object from another and yields a time interval.
            </summary>
        </member>
        <member name="T:Amazon.DateTime.DateTimeCalculator">
            <summary>
            DateTimeCalculator
            </summary>
        </member>
        <member name="M:Amazon.DateTime.DateTimeCalculator.NthOf(System.DateTime,System.Int32,System.DayOfWeek)">
            <summary>
            Get the nth day of a specific month
            </summary>
        </member>
        <member name="M:Amazon.DateTime.DateTimeCalculator.DaylightStartDate(System.DateTime)">
            <summary>
            Daylight Savings starts on the Second Sunday in March at 2am
            <para>https://greenwichmeantime.com/time-zone/rules/usa/</para>
            </summary>
        </member>
        <member name="M:Amazon.DateTime.DateTimeCalculator.DaylightEndDate(System.DateTime)">
            <summary>
            Daylight Savings ends on the First Sunday in November at 2am
            <para>https://greenwichmeantime.com/time-zone/rules/usa/</para>
            </summary>
        </member>
        <member name="M:Amazon.DateTime.DateTimeCalculator.IsInDaylightSavingsTime(System.DateTime)">
            <summary>
            Figures out if the current date time falls inside Daylight savings time
            <para>https://greenwichmeantime.com/time-zone/rules/usa/</para>
            </summary>
        </member>
        <member name="M:Amazon.DateTime.DateTimeCompare.Dates(Amazon.DateTime.DateTimeBase,Amazon.DateTime.DateTimeBase)">
            <summary>
            <para>IF result is less than 0; THEN t1 is earlier than t2</para>
            <para>IF result is 0; THEN t1 is the same as t2</para>
            <para>IF result is greater than 0; THEN t1 is later than t2</para>
            </summary>
        </member>
        <member name="M:Amazon.DateTime.DateTimeCompare.Dates(Amazon.DateTime.DateTimeBase,System.DateTime)">
            <summary>
            <para>IF result is less than 0; THEN t1 is earlier than t2</para>
            <para>IF result is 0; THEN t1 is the same as t2</para>
            <para>IF result is greater than 0; THEN t1 is later than t2</para>
            </summary>
        </member>
        <member name="M:Amazon.DateTime.DateTimeCompare.Dates(System.DateTime,Amazon.DateTime.DateTimeBase)">
            <summary>
            <para>IF result is less than 0; THEN t1 is earlier than t2</para>
            <para>IF result is 0; THEN t1 is the same as t2</para>
            <para>IF result is greater than 0; THEN t1 is later than t2</para>
            </summary>
        </member>
        <member name="M:Amazon.DateTime.DateTimeCompare.Dates(System.DateTime,System.DateTime)">
            <summary>
            <para>IF result is less than 0; THEN t1 is earlier than t2</para>
            <para>IF result is 0; THEN t1 is the same as t2</para>
            <para>IF result is greater than 0; THEN t1 is later than t2</para>
            </summary>
        </member>
        <member name="P:Amazon.DateTime.EasternDateTime.Now">
            <summary>
            Get the Current 'Now' time in Eastern Timezone
            </summary>
        </member>
        <member name="P:Amazon.DateTime.EasternDateTime.Today">
            <summary>
            Get the Current 'Today' date in Eastern Timezone
            </summary>
        </member>
        <member name="P:Amazon.DateTime.EasternDateTime.Timezone">
            <summary>
            <seealso cref="T:Amazon.DateTime.Timezone"/> enum assoicated to this class
            </summary>
        </member>
        <member name="P:Amazon.DateTime.EasternDateTime.DaylightOffset">
            <summary>
            UTC Hour offset for when in daylight time
            </summary>
        </member>
        <member name="P:Amazon.DateTime.EasternDateTime.StandardOffset">
            <summary>
            UTC Hour offset for when in standard time
            </summary>
        </member>
        <member name="M:Amazon.DateTime.EasternDateTime.Convert(System.DateTime)">
            <summary>
            Convert a <see cref="T:System.DateTime"/> value to the eastern timezone equivalent 
            </summary>
        </member>
        <member name="M:Amazon.DateTime.EasternDateTime.Convert(System.DateTimeOffset)">
            <summary>
            Convert a <see cref="T:System.DateTimeOffset"/> value to the eastern timezone equivalent 
            </summary>
        </member>
        <member name="M:Amazon.DateTime.EasternDateTime.Parse(System.String)">
            <summary>
            Parse a datetime string to get the <see cref="T:Amazon.DateTime.EasternDateTime"/>
            </summary>
        </member>
        <member name="M:Amazon.DateTime.EasternDateTime.TryParse(System.String,Amazon.DateTime.EasternDateTime@)">
            <summary>
            Trys to Parse a datetime string to get the <see cref="T:Amazon.DateTime.EasternDateTime"/>
            </summary>
        </member>
        <member name="M:Amazon.DateTime.EasternDateTime.Add(System.TimeSpan)">
            <summary>
            Returns a new <seealso cref="T:Amazon.DateTime.EasternDateTime"/> object that adds a specified time interval to the value of this instance.
            </summary>
        </member>
        <member name="M:Amazon.DateTime.EasternDateTime.AddDays(System.Double)">
            <summary>
            Returns a new <seealso cref="T:Amazon.DateTime.EasternDateTime"/> object that adds a specified number of days to the value of this instance.
            </summary>
        </member>
        <member name="M:Amazon.DateTime.EasternDateTime.AddHours(System.Double)">
            <summary>
            Returns a new <seealso cref="T:Amazon.DateTime.EasternDateTime"/> object that adds a specified number of hours to the value of this instance.
            </summary>
        </member>
        <member name="M:Amazon.DateTime.EasternDateTime.AddMilliseconds(System.Double)">
            <summary>
            Returns a new <seealso cref="T:Amazon.DateTime.EasternDateTime"/> object that adds a specified number of milliseconds to the value of this instance.
            </summary>
        </member>
        <member name="M:Amazon.DateTime.EasternDateTime.AddMinutes(System.Double)">
            <summary>
            Returns a new <seealso cref="T:Amazon.DateTime.EasternDateTime"/> object that adds a specified number of minutes to the value of this instance.
            </summary>
        </member>
        <member name="M:Amazon.DateTime.EasternDateTime.AddMonths(System.Int32)">
            <summary>
            Returns a new <seealso cref="T:Amazon.DateTime.EasternDateTime"/> object that adds a specified number of months to the value of this instance.
            </summary>
        </member>
        <member name="M:Amazon.DateTime.EasternDateTime.AddSeconds(System.Double)">
            <summary>
            Returns a new <seealso cref="T:Amazon.DateTime.EasternDateTime"/> object that adds a specified number of seconds to the value of this instance.
            </summary>
        </member>
        <member name="M:Amazon.DateTime.EasternDateTime.AddTicks(System.Int64)">
            <summary>
            Returns a new <seealso cref="T:Amazon.DateTime.EasternDateTime"/> object that adds a specified number of ticks to the value of this instance.
            </summary>
        </member>
        <member name="M:Amazon.DateTime.EasternDateTime.AddYears(System.Int32)">
            <summary>
            Returns a new <seealso cref="T:Amazon.DateTime.EasternDateTime"/> object that adds a specified number of years to the value of this instance.
            </summary>
        </member>
        <member name="P:Amazon.DateTime.HawaiiDateTime.Now">
            <summary>
            Get the Current 'Now' time in Hawaiian Timezone
            </summary>
        </member>
        <member name="P:Amazon.DateTime.HawaiiDateTime.Today">
            <summary>
            Get the Current 'Today' date in Hawaiian Timezone
            </summary>
        </member>
        <member name="P:Amazon.DateTime.HawaiiDateTime.Timezone">
            <summary>
            <seealso cref="T:Amazon.DateTime.Timezone"/> enum assoicated to this class
            </summary>
        </member>
        <member name="P:Amazon.DateTime.HawaiiDateTime.DaylightOffset">
            <summary>
            UTC Hour offset for when in daylight time
            </summary>
        </member>
        <member name="P:Amazon.DateTime.HawaiiDateTime.StandardOffset">
            <summary>
            UTC Hour offset for when in standard time
            </summary>
        </member>
        <member name="M:Amazon.DateTime.HawaiiDateTime.Convert(System.DateTime)">
            <summary>
            Convert a <see cref="T:System.DateTime"/> value to the eastern timezone equivalent 
            </summary>
        </member>
        <member name="M:Amazon.DateTime.HawaiiDateTime.Convert(System.DateTimeOffset)">
            <summary>
            Convert a <see cref="T:System.DateTimeOffset"/> value to the eastern timezone equivalent 
            </summary>
        </member>
        <member name="M:Amazon.DateTime.HawaiiDateTime.Parse(System.String)">
            <summary>
            Parse a datetime string to get the <see cref="T:Amazon.DateTime.HawaiiDateTime"/>
            </summary>
        </member>
        <member name="M:Amazon.DateTime.HawaiiDateTime.TryParse(System.String,Amazon.DateTime.HawaiiDateTime@)">
            <summary>
            Trys to Parse a datetime string to get the <see cref="T:Amazon.DateTime.HawaiiDateTime"/>
            </summary>
        </member>
        <member name="M:Amazon.DateTime.HawaiiDateTime.Add(System.TimeSpan)">
            <summary>
            Returns a new <seealso cref="T:Amazon.DateTime.HawaiiDateTime"/> object that adds a specified time interval to the value of this instance.
            </summary>
        </member>
        <member name="M:Amazon.DateTime.HawaiiDateTime.AddDays(System.Double)">
            <summary>
            Returns a new <seealso cref="T:Amazon.DateTime.HawaiiDateTime"/> object that adds a specified number of days to the value of this instance.
            </summary>
        </member>
        <member name="M:Amazon.DateTime.HawaiiDateTime.AddHours(System.Double)">
            <summary>
            Returns a new <seealso cref="T:Amazon.DateTime.HawaiiDateTime"/> object that adds a specified number of hours to the value of this instance.
            </summary>
        </member>
        <member name="M:Amazon.DateTime.HawaiiDateTime.AddMilliseconds(System.Double)">
            <summary>
            Returns a new <seealso cref="T:Amazon.DateTime.HawaiiDateTime"/> object that adds a specified number of milliseconds to the value of this instance.
            </summary>
        </member>
        <member name="M:Amazon.DateTime.HawaiiDateTime.AddMinutes(System.Double)">
            <summary>
            Returns a new <seealso cref="T:Amazon.DateTime.HawaiiDateTime"/> object that adds a specified number of minutes to the value of this instance.
            </summary>
        </member>
        <member name="M:Amazon.DateTime.HawaiiDateTime.AddMonths(System.Int32)">
            <summary>
            Returns a new <seealso cref="T:Amazon.DateTime.HawaiiDateTime"/> object that adds a specified number of months to the value of this instance.
            </summary>
        </member>
        <member name="M:Amazon.DateTime.HawaiiDateTime.AddSeconds(System.Double)">
            <summary>
            Returns a new <seealso cref="T:Amazon.DateTime.HawaiiDateTime"/> object that adds a specified number of seconds to the value of this instance.
            </summary>
        </member>
        <member name="M:Amazon.DateTime.HawaiiDateTime.AddTicks(System.Int64)">
            <summary>
            Returns a new <seealso cref="T:Amazon.DateTime.HawaiiDateTime"/> object that adds a specified number of ticks to the value of this instance.
            </summary>
        </member>
        <member name="M:Amazon.DateTime.HawaiiDateTime.AddYears(System.Int32)">
            <summary>
            Returns a new <seealso cref="T:Amazon.DateTime.HawaiiDateTime"/> object that adds a specified number of years to the value of this instance.
            </summary>
        </member>
        <member name="T:Amazon.DateTime.MonthsOfYear">
            <summary>
            Calendar Month
            </summary>
        </member>
        <member name="F:Amazon.DateTime.MonthsOfYear.NotSet">
            <summary>
            Not Set
            </summary>
        </member>
        <member name="F:Amazon.DateTime.MonthsOfYear.January">
            <summary>
            January
            </summary>
        </member>
        <member name="F:Amazon.DateTime.MonthsOfYear.February">
            <summary>
            February
            </summary>
        </member>
        <member name="F:Amazon.DateTime.MonthsOfYear.March">
            <summary>
            March
            </summary>
        </member>
        <member name="F:Amazon.DateTime.MonthsOfYear.April">
            <summary>
            April
            </summary>
        </member>
        <member name="F:Amazon.DateTime.MonthsOfYear.May">
            <summary>
            May
            </summary>
        </member>
        <member name="F:Amazon.DateTime.MonthsOfYear.June">
            <summary>
            June
            </summary>
        </member>
        <member name="F:Amazon.DateTime.MonthsOfYear.July">
            <summary>
            July
            </summary>
        </member>
        <member name="F:Amazon.DateTime.MonthsOfYear.August">
            <summary>
            August
            </summary>
        </member>
        <member name="F:Amazon.DateTime.MonthsOfYear.September">
            <summary>
            September
            </summary>
        </member>
        <member name="F:Amazon.DateTime.MonthsOfYear.October">
            <summary>
            October
            </summary>
        </member>
        <member name="F:Amazon.DateTime.MonthsOfYear.November">
            <summary>
            November
            </summary>
        </member>
        <member name="F:Amazon.DateTime.MonthsOfYear.December">
            <summary>
            December
            </summary>
        </member>
        <member name="P:Amazon.DateTime.MountainDateTime.Now">
            <summary>
            Get the Current 'Now' time in Mountain Timezone
            </summary>
        </member>
        <member name="P:Amazon.DateTime.MountainDateTime.Today">
            <summary>
            Get the Current 'Today' date in Mountain Timezone
            </summary>
        </member>
        <member name="P:Amazon.DateTime.MountainDateTime.Timezone">
            <summary>
            <seealso cref="T:Amazon.DateTime.Timezone"/> enum assoicated to this class
            </summary>
        </member>
        <member name="P:Amazon.DateTime.MountainDateTime.DaylightOffset">
            <summary>
            UTC Hour offset for when in daylight time
            </summary>
        </member>
        <member name="P:Amazon.DateTime.MountainDateTime.StandardOffset">
            <summary>
            UTC Hour offset for when in standard time
            </summary>
        </member>
        <member name="M:Amazon.DateTime.MountainDateTime.Convert(System.DateTime)">
            <summary>
            Convert a <see cref="T:System.DateTime"/> value to the eastern timezone equivalent 
            </summary>
        </member>
        <member name="M:Amazon.DateTime.MountainDateTime.Convert(System.DateTimeOffset)">
            <summary>
            Convert a <see cref="T:System.DateTimeOffset"/> value to the eastern timezone equivalent 
            </summary>
        </member>
        <member name="M:Amazon.DateTime.MountainDateTime.Parse(System.String)">
            <summary>
            Parse a datetime string to get the <see cref="T:Amazon.DateTime.MountainDateTime"/>
            </summary>
        </member>
        <member name="M:Amazon.DateTime.MountainDateTime.TryParse(System.String,Amazon.DateTime.MountainDateTime@)">
            <summary>
            Trys to Parse a datetime string to get the <see cref="T:Amazon.DateTime.MountainDateTime"/>
            </summary>
        </member>
        <member name="M:Amazon.DateTime.MountainDateTime.Add(System.TimeSpan)">
            <summary>
            Returns a new <seealso cref="T:Amazon.DateTime.MountainDateTime"/> object that adds a specified time interval to the value of this instance.
            </summary>
        </member>
        <member name="M:Amazon.DateTime.MountainDateTime.AddDays(System.Double)">
            <summary>
            Returns a new <seealso cref="T:Amazon.DateTime.MountainDateTime"/> object that adds a specified number of days to the value of this instance.
            </summary>
        </member>
        <member name="M:Amazon.DateTime.MountainDateTime.AddHours(System.Double)">
            <summary>
            Returns a new <seealso cref="T:Amazon.DateTime.MountainDateTime"/> object that adds a specified number of hours to the value of this instance.
            </summary>
        </member>
        <member name="M:Amazon.DateTime.MountainDateTime.AddMilliseconds(System.Double)">
            <summary>
            Returns a new <seealso cref="T:Amazon.DateTime.MountainDateTime"/> object that adds a specified number of milliseconds to the value of this instance.
            </summary>
        </member>
        <member name="M:Amazon.DateTime.MountainDateTime.AddMinutes(System.Double)">
            <summary>
            Returns a new <seealso cref="T:Amazon.DateTime.MountainDateTime"/> object that adds a specified number of minutes to the value of this instance.
            </summary>
        </member>
        <member name="M:Amazon.DateTime.MountainDateTime.AddMonths(System.Int32)">
            <summary>
            Returns a new <seealso cref="T:Amazon.DateTime.MountainDateTime"/> object that adds a specified number of months to the value of this instance.
            </summary>
        </member>
        <member name="M:Amazon.DateTime.MountainDateTime.AddSeconds(System.Double)">
            <summary>
            Returns a new <seealso cref="T:Amazon.DateTime.MountainDateTime"/> object that adds a specified number of seconds to the value of this instance.
            </summary>
        </member>
        <member name="M:Amazon.DateTime.MountainDateTime.AddTicks(System.Int64)">
            <summary>
            Returns a new <seealso cref="T:Amazon.DateTime.MountainDateTime"/> object that adds a specified number of ticks to the value of this instance.
            </summary>
        </member>
        <member name="M:Amazon.DateTime.MountainDateTime.AddYears(System.Int32)">
            <summary>
            Returns a new <seealso cref="T:Amazon.DateTime.MountainDateTime"/> object that adds a specified number of years to the value of this instance.
            </summary>
        </member>
        <member name="P:Amazon.DateTime.PacificDateTime.Now">
            <summary>
            Get the Current 'Now' time in Pacific Timezone
            </summary>
        </member>
        <member name="P:Amazon.DateTime.PacificDateTime.Today">
            <summary>
            Get the Current 'Today' date in Pacific Timezone
            </summary>
        </member>
        <member name="P:Amazon.DateTime.PacificDateTime.Timezone">
            <summary>
            <seealso cref="T:Amazon.DateTime.Timezone"/> enum assoicated to this class
            </summary>
        </member>
        <member name="P:Amazon.DateTime.PacificDateTime.DaylightOffset">
            <summary>
            UTC Hour offset for when in daylight time
            </summary>
        </member>
        <member name="P:Amazon.DateTime.PacificDateTime.StandardOffset">
            <summary>
            UTC Hour offset for when in standard time
            </summary>
        </member>
        <member name="M:Amazon.DateTime.PacificDateTime.Convert(System.DateTime)">
            <summary>
            Convert a <see cref="T:System.DateTime"/> value to the <see cref="T:Amazon.DateTime.PacificDateTime"/> equivalent
            </summary>
        </member>
        <member name="M:Amazon.DateTime.PacificDateTime.Convert(System.DateTimeOffset)">
            <summary>
            Convert a <see cref="T:System.DateTimeOffset"/> value to the <see cref="T:Amazon.DateTime.PacificDateTime"/> equivalent
            </summary>
        </member>
        <member name="M:Amazon.DateTime.PacificDateTime.Parse(System.String)">
            <summary>
            Parse a datetime string to get the <see cref="T:Amazon.DateTime.PacificDateTime"/>
            </summary>
        </member>
        <member name="M:Amazon.DateTime.PacificDateTime.TryParse(System.String,Amazon.DateTime.PacificDateTime@)">
            <summary>
            Trys to Parse a datetime string to get the <see cref="T:Amazon.DateTime.PacificDateTime"/>
            </summary>
        </member>
        <member name="M:Amazon.DateTime.PacificDateTime.Add(System.TimeSpan)">
            <summary>
            Returns a new <seealso cref="T:Amazon.DateTime.PacificDateTime"/> object that adds a specified time interval to the value of this instance.
            </summary>
        </member>
        <member name="M:Amazon.DateTime.PacificDateTime.AddDays(System.Double)">
            <summary>
            Returns a new <seealso cref="T:Amazon.DateTime.PacificDateTime"/> object that adds a specified number of days to the value of this instance.
            </summary>
        </member>
        <member name="M:Amazon.DateTime.PacificDateTime.AddHours(System.Double)">
            <summary>
            Returns a new <seealso cref="T:Amazon.DateTime.PacificDateTime"/> object that adds a specified number of hours to the value of this instance.
            </summary>
        </member>
        <member name="M:Amazon.DateTime.PacificDateTime.AddMilliseconds(System.Double)">
            <summary>
            Returns a new <seealso cref="T:Amazon.DateTime.PacificDateTime"/> object that adds a specified number of milliseconds to the value of this instance.
            </summary>
        </member>
        <member name="M:Amazon.DateTime.PacificDateTime.AddMinutes(System.Double)">
            <summary>
            Returns a new <seealso cref="T:Amazon.DateTime.PacificDateTime"/> object that adds a specified number of minutes to the value of this instance.
            </summary>
        </member>
        <member name="M:Amazon.DateTime.PacificDateTime.AddMonths(System.Int32)">
            <summary>
            Returns a new <seealso cref="T:Amazon.DateTime.PacificDateTime"/> object that adds a specified number of months to the value of this instance.
            </summary>
        </member>
        <member name="M:Amazon.DateTime.PacificDateTime.AddSeconds(System.Double)">
            <summary>
            Returns a new <seealso cref="T:Amazon.DateTime.PacificDateTime"/> object that adds a specified number of seconds to the value of this instance.
            </summary>
        </member>
        <member name="M:Amazon.DateTime.PacificDateTime.AddTicks(System.Int64)">
            <summary>
            Returns a new <seealso cref="T:Amazon.DateTime.PacificDateTime"/> object that adds a specified number of ticks to the value of this instance.
            </summary>
        </member>
        <member name="M:Amazon.DateTime.PacificDateTime.AddYears(System.Int32)">
            <summary>
            Returns a new <seealso cref="T:Amazon.DateTime.PacificDateTime"/> object that adds a specified number of years to the value of this instance.
            </summary>
        </member>
        <member name="T:Amazon.DateTime.Timezone">
            <summary>
            Timezone Enum
            </summary>
        </member>
        <member name="F:Amazon.DateTime.Timezone.NotSet">
            <summary>
            Not Set
            </summary>
        </member>
        <member name="F:Amazon.DateTime.Timezone.Eastern">
            <summary>
            Eastern Timezone
            </summary>
        </member>
        <member name="F:Amazon.DateTime.Timezone.Central">
            <summary>
            Central Timezone
            </summary>
        </member>
        <member name="F:Amazon.DateTime.Timezone.Mountain">
            <summary>
            Mountain Timezone
            </summary>
        </member>
        <member name="F:Amazon.DateTime.Timezone.Pacific">
            <summary>
            Pacific Timezone
            </summary>
        </member>
        <member name="F:Amazon.DateTime.Timezone.Alaska">
            <summary>
            Alaska Timezone
            </summary>
        </member>
        <member name="F:Amazon.DateTime.Timezone.Hawaii">
            <summary>
            Hawaii Timezone
            </summary>
        </member>
        <member name="P:Amazon.DateTime.UniversalDateTime.Now">
            <summary>
            Get the Current 'Now' time in Universal Timezone
            </summary>
        </member>
        <member name="P:Amazon.DateTime.UniversalDateTime.Today">
            <summary>
            Get the Current 'Today' date in Universal Timezone
            </summary>
        </member>
        <member name="P:Amazon.DateTime.UniversalDateTime.Timezone">
            <summary>
            <seealso cref="T:Amazon.DateTime.Timezone"/> enum assoicated to this class
            </summary>
        </member>
        <member name="P:Amazon.DateTime.UniversalDateTime.DaylightOffset">
            <summary>
            UTC Hour offset for when in daylight time
            </summary>
        </member>
        <member name="P:Amazon.DateTime.UniversalDateTime.StandardOffset">
            <summary>
            UTC Hour offset for when in standard time
            </summary>
        </member>
        <member name="M:Amazon.DateTime.UniversalDateTime.Convert(System.DateTime)">
            <summary>
            Convert a <see cref="T:System.DateTime"/> value to the <see cref="T:Amazon.DateTime.UniversalDateTime"/> equivalent
            </summary>
        </member>
        <member name="M:Amazon.DateTime.UniversalDateTime.Convert(System.DateTimeOffset)">
            <summary>
            Convert a <see cref="T:System.DateTimeOffset"/> value to the <see cref="T:Amazon.DateTime.UniversalDateTime"/> equivalent
            </summary>
        </member>
        <member name="M:Amazon.DateTime.UniversalDateTime.Parse(System.String)">
            <summary>
            Parse a datetime string to get the <see cref="T:Amazon.DateTime.UniversalDateTime"/>
            </summary>
        </member>
        <member name="M:Amazon.DateTime.UniversalDateTime.TryParse(System.String,Amazon.DateTime.UniversalDateTime@)">
            <summary>
            Trys to Parse a datetime string to get the <see cref="T:Amazon.DateTime.UniversalDateTime"/>
            </summary>
        </member>
        <member name="M:Amazon.DateTime.UniversalDateTime.Add(System.TimeSpan)">
            <summary>
            Returns a new <seealso cref="T:Amazon.DateTime.UniversalDateTime"/> object that adds a specified time interval to the value of this instance.
            </summary>
        </member>
        <member name="M:Amazon.DateTime.UniversalDateTime.AddDays(System.Double)">
            <summary>
            Returns a new <seealso cref="T:Amazon.DateTime.UniversalDateTime"/> object that adds a specified number of days to the value of this instance.
            </summary>
        </member>
        <member name="M:Amazon.DateTime.UniversalDateTime.AddHours(System.Double)">
            <summary>
            Returns a new <seealso cref="T:Amazon.DateTime.UniversalDateTime"/> object that adds a specified number of hours to the value of this instance.
            </summary>
        </member>
        <member name="M:Amazon.DateTime.UniversalDateTime.AddMilliseconds(System.Double)">
            <summary>
            Returns a new <seealso cref="T:Amazon.DateTime.UniversalDateTime"/> object that adds a specified number of milliseconds to the value of this instance.
            </summary>
        </member>
        <member name="M:Amazon.DateTime.UniversalDateTime.AddMinutes(System.Double)">
            <summary>
            Returns a new <seealso cref="T:Amazon.DateTime.UniversalDateTime"/> object that adds a specified number of minutes to the value of this instance.
            </summary>
        </member>
        <member name="M:Amazon.DateTime.UniversalDateTime.AddMonths(System.Int32)">
            <summary>
            Returns a new <seealso cref="T:Amazon.DateTime.UniversalDateTime"/> object that adds a specified number of months to the value of this instance.
            </summary>
        </member>
        <member name="M:Amazon.DateTime.UniversalDateTime.AddSeconds(System.Double)">
            <summary>
            Returns a new <seealso cref="T:Amazon.DateTime.UniversalDateTime"/> object that adds a specified number of seconds to the value of this instance.
            </summary>
        </member>
        <member name="M:Amazon.DateTime.UniversalDateTime.AddTicks(System.Int64)">
            <summary>
            Returns a new <seealso cref="T:Amazon.DateTime.UniversalDateTime"/> object that adds a specified number of ticks to the value of this instance.
            </summary>
        </member>
        <member name="M:Amazon.DateTime.UniversalDateTime.AddYears(System.Int32)">
            <summary>
            Returns a new <seealso cref="T:Amazon.DateTime.UniversalDateTime"/> object that adds a specified number of years to the value of this instance.
            </summary>
        </member>
    </members>
</doc>
