<?xml version="1.0"?>
<doc>
    <assembly>
        <name>Amazon.DateTime</name>
    </assembly>
    <members>
        <member name="P:Amazon.DateTime.AlaskaDateTime.Now">
            <summary>
            Get the Current 'Now' time in Alaska
            </summary>
        </member>
        <member name="P:Amazon.DateTime.AlaskaDateTime.DaylightOffset">
            <summary>
            Hour offset for when in daylight time
            </summary>
        </member>
        <member name="P:Amazon.DateTime.AlaskaDateTime.StandardOffset">
            <summary>
            Hour offset for when in standard time
            </summary>
        </member>
        <member name="M:Amazon.DateTime.AlaskaDateTime.Convert(System.DateTime)">
            <summary>
            Convert a utc <see cref="T:System.DateTime"/> value to the alaska equivalent 
            </summary>
        </member>
        <member name="M:Amazon.DateTime.AlaskaDateTime.Parse(System.String)">
            <summary>
            Parse a utc time string to get the alaska <see cref="T:System.DateTime"/>
            </summary>
        </member>
        <member name="M:Amazon.DateTime.AlaskaDateTime.TryParse(System.String,Amazon.DateTime.AlaskaDateTime@)">
            <summary>
            TryParse a utc time string to get the alaska <see cref="T:System.DateTime"/>
            </summary>
        </member>
        <member name="T:Amazon.DateTime.DateTimeCalculator">
            <summary>
            DateTimeCalculator
            </summary>
        </member>
        <member name="M:Amazon.DateTime.DateTimeCalculator.NthOf(System.DateTime,System.Int32,System.DayOfWeek)">
            <summary>
            Get the nth day of a specific month
            </summary>
        </member>
        <member name="M:Amazon.DateTime.DateTimeCalculator.DaylightStartDate(System.DateTime)">
            <summary>
            Daylight Savings starts on the Second Sunday in March at 2am
            <para>https://greenwichmeantime.com/time-zone/rules/usa/</para>
            </summary>
        </member>
        <member name="M:Amazon.DateTime.DateTimeCalculator.DaylightEndDate(System.DateTime)">
            <summary>
            Daylight Savings ends on the First Sunday in November at 2am
            <para>https://greenwichmeantime.com/time-zone/rules/usa/</para>
            </summary>
        </member>
        <member name="M:Amazon.DateTime.DateTimeCalculator.IsInDaylightSavingsTime(System.DateTime)">
            <summary>
            Figures out if the current date time falls inside Daylight savings time
            <para>https://greenwichmeantime.com/time-zone/rules/usa/</para>
            </summary>
        </member>
        <member name="M:Amazon.DateTime.DateTimeCalculator.ToEastern(System.DateTime,System.Boolean)">
            <summary>
            Converts <see cref="T:System.DateTime"/> to an Eastern <see cref="T:System.DateTime"/>
            <param name="dateTime">DateTime struct to convert</param>
            <param name="observesDaylight">If the location observes daylight savings, default value = true</param>
            </summary>
        </member>
        <member name="M:Amazon.DateTime.DateTimeCalculator.ToCentral(System.DateTime,System.Boolean)">
            <summary>
            Converts <see cref="T:System.DateTime"/> to an Central <see cref="T:System.DateTime"/>
            <param name="dateTime">DateTime struct to convert</param>
            <param name="observesDaylight">If the location observes daylight savings, default value = true</param>
            </summary>
        </member>
        <member name="M:Amazon.DateTime.DateTimeCalculator.ToMountain(System.DateTime,System.Boolean)">
            <summary>
            Converts <see cref="T:System.DateTime"/> to an Mountain <see cref="T:System.DateTime"/>
            <param name="dateTime">DateTime struct to convert</param>
            <param name="observesDaylight">If the location observes daylight savings, default value = true</param>
            </summary>
        </member>
        <member name="M:Amazon.DateTime.DateTimeCalculator.ToPacific(System.DateTime,System.Boolean)">
            <summary>
            Converts <see cref="T:System.DateTime"/> to an Pacific <see cref="T:System.DateTime"/>
            <param name="dateTime">DateTime struct to convert</param>
            <param name="observesDaylight">If the location observes daylight savings, default value = true</param>
            </summary>
        </member>
        <member name="M:Amazon.DateTime.DateTimeCalculator.ToAlaska(System.DateTime,System.Boolean)">
            <summary>
            Converts <see cref="T:System.DateTime"/> to an Alaska <see cref="T:System.DateTime"/>
            <param name="dateTime">DateTime struct to convert</param>
            <param name="observesDaylight">If the location observes daylight savings, default value = true</param>
            </summary>
        </member>
        <member name="M:Amazon.DateTime.DateTimeCalculator.ToHawaii(System.DateTime,System.Boolean)">
            <summary>
            Converts <see cref="T:System.DateTime"/> to an Hawaii <see cref="T:System.DateTime"/>
            </summary>
            <param name="dateTime">DateTime struct to convert</param>
            <param name="observesDaylight">If the location observes daylight savings, default value = false</param>
        </member>
        <member name="T:Amazon.DateTime.TimezoneCalculator">
            <summary>
            Timezone Calculator
            </summary>
        </member>
        <member name="M:Amazon.DateTime.TimezoneCalculator.GetTimezoneByCode(System.TimeZoneInfo,Amazon.DateTime.Timezone)">
            <summary>
            Get <see cref="T:System.TimeZoneInfo"/> by <see cref="T:Amazon.DateTime.Timezone"/> code
            </summary>
        </member>
        <member name="M:Amazon.DateTime.CentralDateTime.#ctor(System.Int64)">
            <summary>
            Create a CentralDateTime by ticks
            </summary>
        </member>
        <member name="P:Amazon.DateTime.CentralDateTime.Now">
            <summary>
            Get the Current 'Now' time in Central Timezone
            </summary>
        </member>
        <member name="P:Amazon.DateTime.CentralDateTime.DaylightOffset">
            <summary>
            Hour offset for when in daylight time
            </summary>
        </member>
        <member name="P:Amazon.DateTime.CentralDateTime.StandardOffset">
            <summary>
            Hour offset for when in standard time
            </summary>
        </member>
        <member name="M:Amazon.DateTime.CentralDateTime.Convert(System.DateTime)">
            <summary>
            Convert a utc <see cref="T:System.DateTime"/> value to the central timezone equivalent 
            </summary>
        </member>
        <member name="M:Amazon.DateTime.CentralDateTime.Parse(System.String)">
            <summary>
            Parse a utc time string to get the central timezone
            </summary>
        </member>
        <member name="M:Amazon.DateTime.CentralDateTime.TryParse(System.String,Amazon.DateTime.CentralDateTime@)">
            <summary>
            TryParse a utc time string to get the central timezone
            </summary>
        </member>
        <member name="P:Amazon.DateTime.DateTimeBase.Value">
            <summary>
            Creates a timestamp of the format of 'yyyy-MM-ddTHH:mm:ss.fffzzz'
            <para>Sample: 2020-01-28T16:09:05.366-05:00</para>
            </summary>
        </member>
        <member name="M:Amazon.DateTime.DateTimeBase.ToUniversalTime">
            <summary>
            Converts the value of the current DateTimeBase object to Coordinated Universal Time (UTC)
            </summary>
        </member>
        <member name="M:Amazon.DateTime.DateTimeBase.ToString">
            <summary>
            returns same string as the <see cref="P:Amazon.DateTime.DateTimeBase.Value"/> property
            </summary>
        </member>
        <member name="M:Amazon.DateTime.DateTimeBase.op_Equality(Amazon.DateTime.DateTimeBase,Amazon.DateTime.DateTimeBase)">
            <summary>
            D1 is equal to D2
            </summary>
        </member>
        <member name="M:Amazon.DateTime.DateTimeBase.op_Equality(System.DateTime,Amazon.DateTime.DateTimeBase)">
            <summary>
            D1 is equal to D2
            </summary>
        </member>
        <member name="M:Amazon.DateTime.DateTimeBase.op_Equality(Amazon.DateTime.DateTimeBase,System.DateTime)">
            <summary>
            D1 is equal to D2
            </summary>
        </member>
        <member name="M:Amazon.DateTime.DateTimeBase.op_Inequality(Amazon.DateTime.DateTimeBase,Amazon.DateTime.DateTimeBase)">
            <summary>
            D1 is not equal to D2
            </summary>
        </member>
        <member name="M:Amazon.DateTime.DateTimeBase.op_Inequality(System.DateTime,Amazon.DateTime.DateTimeBase)">
            <summary>
            D1 is not equal to D2
            </summary>
        </member>
        <member name="M:Amazon.DateTime.DateTimeBase.op_Inequality(Amazon.DateTime.DateTimeBase,System.DateTime)">
            <summary>
            D1 is not equal to D2
            </summary>
        </member>
        <member name="M:Amazon.DateTime.DateTimeBase.op_LessThan(Amazon.DateTime.DateTimeBase,Amazon.DateTime.DateTimeBase)">
            <summary>
            D1 is earlier than D2
            <para>D2 is later than D1</para>
            </summary>
        </member>
        <member name="M:Amazon.DateTime.DateTimeBase.op_LessThan(System.DateTime,Amazon.DateTime.DateTimeBase)">
            <summary>
            D1 is earlier than D2
            <para>D2 is later than D1</para>
            </summary>
        </member>
        <member name="M:Amazon.DateTime.DateTimeBase.op_LessThan(Amazon.DateTime.DateTimeBase,System.DateTime)">
            <summary>
            D1 is earlier than D2
            <para>D2 is later than D1</para>
            </summary>
        </member>
        <member name="M:Amazon.DateTime.DateTimeBase.op_GreaterThan(Amazon.DateTime.DateTimeBase,Amazon.DateTime.DateTimeBase)">
            <summary>
            D1 is later than D2
            <para>D2 is earlier than D1</para>
            </summary>
        </member>
        <member name="M:Amazon.DateTime.DateTimeBase.op_GreaterThan(System.DateTime,Amazon.DateTime.DateTimeBase)">
            <summary>
            D1 is later than D2
            <para>D2 is earlier than D1</para>
            </summary>
        </member>
        <member name="M:Amazon.DateTime.DateTimeBase.op_GreaterThan(Amazon.DateTime.DateTimeBase,System.DateTime)">
            <summary>
            D1 is later than D2
            <para>D2 is earlier than D1</para>
            </summary>
        </member>
        <member name="M:Amazon.DateTime.DateTimeBase.op_LessThanOrEqual(Amazon.DateTime.DateTimeBase,Amazon.DateTime.DateTimeBase)">
            <summary>
            D1 is earlier or the same as D2
            <para>D2 is later or the same as D1</para>
            </summary>
        </member>
        <member name="M:Amazon.DateTime.DateTimeBase.op_LessThanOrEqual(System.DateTime,Amazon.DateTime.DateTimeBase)">
            <summary>
            D1 is earlier or thae same as D2
            <para>D2 is later or the same as D1</para>
            </summary>
        </member>
        <member name="M:Amazon.DateTime.DateTimeBase.op_LessThanOrEqual(Amazon.DateTime.DateTimeBase,System.DateTime)">
            <summary>
            D1 is earlier or the same as D2
            <para>D2 is later or the same as D1</para>
            </summary>
        </member>
        <member name="M:Amazon.DateTime.DateTimeBase.op_GreaterThanOrEqual(Amazon.DateTime.DateTimeBase,Amazon.DateTime.DateTimeBase)">
            <summary>
            D1 is later or the same as D2
            D2 is earlier or the same as D1
            <para>D2 is earlier or the same as D1</para>
            </summary>
        </member>
        <member name="M:Amazon.DateTime.DateTimeBase.op_GreaterThanOrEqual(System.DateTime,Amazon.DateTime.DateTimeBase)">
            <summary>
            D1 is later or the same as D2
            D2 is earlier or the same as D1
            <para>D2 is earlier or the same as D1</para>
            </summary>
        </member>
        <member name="M:Amazon.DateTime.DateTimeBase.op_GreaterThanOrEqual(Amazon.DateTime.DateTimeBase,System.DateTime)">
            <summary>
            D1 is later or the same as D2
            D2 is earlier or the same as D1
            <para>D2 is earlier or the same as D1</para>
            </summary>
        </member>
        <member name="M:Amazon.DateTime.DateTimeExtensions.ToEasternString(System.DateTime,System.Boolean)">
            <summary>
            Converts a UTC <see cref="T:System.DateTime"/> to a eastern time string format
            <para>FORMAT: yyyy-MM-ddTHH:mm:ss.fffzzz</para>
            </summary>
        </member>
        <member name="M:Amazon.DateTime.DateTimeExtensions.ToCentralString(System.DateTime,System.Boolean)">
            <summary>
            Converts a UTC <see cref="T:System.DateTime"/> to a central time string format
            <para>FORMAT: yyyy-MM-ddTHH:mm:ss.fffzzz</para>
            </summary>
        </member>
        <member name="M:Amazon.DateTime.DateTimeExtensions.ToMountainString(System.DateTime,System.Boolean)">
            <summary>
            Converts a UTC <see cref="T:System.DateTime"/> to a mountain time string format
            <para>FORMAT: yyyy-MM-ddTHH:mm:ss.fffzzz</para>
            </summary>
        </member>
        <member name="M:Amazon.DateTime.DateTimeExtensions.ToPacificString(System.DateTime,System.Boolean)">
            <summary>
            Converts a UTC <see cref="T:System.DateTime"/> to a pacific time string format
            <para>FORMAT: yyyy-MM-ddTHH:mm:ss.fffzzz</para>
            </summary>
        </member>
        <member name="M:Amazon.DateTime.DateTimeExtensions.ToAlaskaString(System.DateTime,System.Boolean)">
            <summary>
            Converts a UTC <see cref="T:System.DateTime"/> to a alaska time string format
            <para>FORMAT: yyyy-MM-ddTHH:mm:ss.fffzzz</para>
            </summary>
        </member>
        <member name="M:Amazon.DateTime.DateTimeExtensions.ToHawaiiString(System.DateTime,System.Boolean)">
            <summary>
            Converts a UTC <see cref="T:System.DateTime"/> to a hawaii time string format
            <para>FORMAT: yyyy-MM-ddTHH:mm:ss.fffzzz</para>
            </summary>
        </member>
        <member name="M:Amazon.DateTime.Compare.Dates(Amazon.DateTime.DateTimeBase,Amazon.DateTime.DateTimeBase)">
            <summary>
            <para>IF result is less than 0; THEN t1 is earlier than t2</para>
            <para>IF result is 0; THEN t1 is the same as t2</para>
            <para>IF result is greater than 0; THEN t1 is later than t2</para>
            </summary>
        </member>
        <member name="M:Amazon.DateTime.Compare.Dates(Amazon.DateTime.DateTimeBase,System.DateTime)">
            <summary>
            <para>IF result is less than 0; THEN t1 is earlier than t2</para>
            <para>IF result is 0; THEN t1 is the same as t2</para>
            <para>IF result is greater than 0; THEN t1 is later than t2</para>
            </summary>
        </member>
        <member name="M:Amazon.DateTime.Compare.Dates(System.DateTime,Amazon.DateTime.DateTimeBase)">
            <summary>
            <para>IF result is less than 0; THEN t1 is earlier than t2</para>
            <para>IF result is 0; THEN t1 is the same as t2</para>
            <para>IF result is greater than 0; THEN t1 is later than t2</para>
            </summary>
        </member>
        <member name="M:Amazon.DateTime.Compare.Dates(System.DateTime,System.DateTime)">
            <summary>
            <para>IF result is less than 0; THEN t1 is earlier than t2</para>
            <para>IF result is 0; THEN t1 is the same as t2</para>
            <para>IF result is greater than 0; THEN t1 is later than t2</para>
            </summary>
        </member>
        <member name="M:Amazon.DateTime.EasternDateTime.#ctor(System.Int64)">
            <summary>
            Create a EasternDateTime by ticks
            </summary>
        </member>
        <member name="M:Amazon.DateTime.EasternDateTime.#ctor(System.Int32,System.Int32,System.Int32)">
            <summary>
            Creates a EasternDateTime of a specific day
            </summary>
        </member>
        <member name="M:Amazon.DateTime.EasternDateTime.#ctor(System.Int32,System.Int32,System.Int32,System.Int32,System.Int32,System.Int32)">
            <summary>
            Creates a EasternDateTime of a specific date and time
            </summary>
        </member>
        <member name="M:Amazon.DateTime.EasternDateTime.#ctor(System.Int32,System.Int32,System.Int32,System.Int32,System.Int32,System.Int32,System.Int32)">
            <summary>
            Creates a EasternDateTime of a specific date and time
            </summary>
        </member>
        <member name="M:Amazon.DateTime.EasternDateTime.#ctor(System.TimeSpan)">
            <summary>
            Creates a new EasternDateTime of 'Today at this time (hours and minutes)'
            </summary>
        </member>
        <member name="P:Amazon.DateTime.EasternDateTime.Now">
            <summary>
            Get the Current 'Now' time in Eastern Timezone
            </summary>
        </member>
        <member name="P:Amazon.DateTime.EasternDateTime.Today">
            <summary>
            Get the Current 'Today' date in Eastern Timezone
            </summary>
        </member>
        <member name="P:Amazon.DateTime.EasternDateTime.DaylightOffset">
            <summary>
            UTC Hour offset for when in daylight time
            </summary>
        </member>
        <member name="P:Amazon.DateTime.EasternDateTime.StandardOffset">
            <summary>
            UTC Hour offset for when in standard time
            </summary>
        </member>
        <member name="M:Amazon.DateTime.EasternDateTime.Convert(System.DateTime)">
            <summary>
            Convert a utc <see cref="T:System.DateTime"/> value to the eastern timezone equivalent 
            </summary>
        </member>
        <member name="M:Amazon.DateTime.EasternDateTime.Parse(System.String)">
            <summary>
            Parse a utc time string to get the eastern timezone
            </summary>
        </member>
        <member name="M:Amazon.DateTime.EasternDateTime.TryParse(System.String,Amazon.DateTime.EasternDateTime@)">
            <summary>
            TryParse a utc time string to get the eastern timezone
            </summary>
        </member>
        <member name="P:Amazon.DateTime.HawaiiDateTime.Now">
            <summary>
            Get the Current 'Now' time in Hawaii
            </summary>
        </member>
        <member name="P:Amazon.DateTime.HawaiiDateTime.DaylightOffset">
            <summary>
            Hour offset for when in daylight time
            </summary>
        </member>
        <member name="P:Amazon.DateTime.HawaiiDateTime.StandardOffset">
            <summary>
            Hour offset for when in standard time
            </summary>
        </member>
        <member name="M:Amazon.DateTime.HawaiiDateTime.Convert(System.DateTime)">
            <summary>
            Convert a utc <see cref="T:System.DateTime"/> value to the hawaii timezone equivalent 
            </summary>
        </member>
        <member name="M:Amazon.DateTime.HawaiiDateTime.Parse(System.String)">
            <summary>
            Parse a utc time string to get the hawaii timezone
            </summary>
        </member>
        <member name="M:Amazon.DateTime.HawaiiDateTime.TryParse(System.String,Amazon.DateTime.HawaiiDateTime@)">
            <summary>
            TryParse a utc time string to get the hawaii timezone
            </summary>
        </member>
        <member name="P:Amazon.DateTime.MountainDateTime.Now">
            <summary>
            Get the Current 'Now' time in Mountain Timezone
            </summary>
        </member>
        <member name="P:Amazon.DateTime.MountainDateTime.DaylightOffset">
            <summary>
            Hour offset for when in daylight time
            </summary>
        </member>
        <member name="P:Amazon.DateTime.MountainDateTime.StandardOffset">
            <summary>
            Hour offset for when in standard time
            </summary>
        </member>
        <member name="M:Amazon.DateTime.MountainDateTime.Convert(System.DateTime)">
            <summary>
            Convert a utc <see cref="T:System.DateTime"/> value to the mountain timezone equivalent 
            </summary>
        </member>
        <member name="M:Amazon.DateTime.MountainDateTime.Parse(System.String)">
            <summary>
            Parse a utc time string to get the mountain timezone
            </summary>
        </member>
        <member name="M:Amazon.DateTime.MountainDateTime.TryParse(System.String,Amazon.DateTime.MountainDateTime@)">
            <summary>
            TryParse a utc time string to get the mountain timezone
            </summary>
        </member>
        <member name="P:Amazon.DateTime.PacificDateTime.Now">
            <summary>
            Get the Current 'Now' time in Pacific Timezone
            </summary>
        </member>
        <member name="P:Amazon.DateTime.PacificDateTime.DaylightOffset">
            <summary>
            Hour offset for when in daylight time
            </summary>
        </member>
        <member name="P:Amazon.DateTime.PacificDateTime.StandardOffset">
            <summary>
            Hour offset for when in standard time
            </summary>
        </member>
        <member name="M:Amazon.DateTime.PacificDateTime.Convert(System.DateTime)">
            <summary>
            Convert a utc <see cref="T:System.DateTime"/> value to the pacific timezone equivalent 
            </summary>
        </member>
        <member name="M:Amazon.DateTime.PacificDateTime.Parse(System.String)">
            <summary>
            Parse a utc time string to get the pacific timezone
            </summary>
        </member>
        <member name="M:Amazon.DateTime.PacificDateTime.TryParse(System.String,Amazon.DateTime.PacificDateTime@)">
            <summary>
            TryParse a utc time string to get the pacific timezone
            </summary>
        </member>
        <member name="T:Amazon.DateTime.Timezone">
            <summary>
            Timezone Enum
            </summary>
        </member>
        <member name="F:Amazon.DateTime.Timezone.Default">
            <summary>
            Default
            </summary>
        </member>
        <member name="F:Amazon.DateTime.Timezone.Eastern">
            <summary>
            Eastern Timezone
            </summary>
        </member>
        <member name="F:Amazon.DateTime.Timezone.Central">
            <summary>
            Central Timezone
            </summary>
        </member>
        <member name="F:Amazon.DateTime.Timezone.Mountain">
            <summary>
            Mountain Timezone
            </summary>
        </member>
        <member name="F:Amazon.DateTime.Timezone.Pacific">
            <summary>
            Pacific Timezone
            </summary>
        </member>
        <member name="F:Amazon.DateTime.Timezone.Alaska">
            <summary>
            Alaska Timezone
            </summary>
        </member>
        <member name="F:Amazon.DateTime.Timezone.Hawaii">
            <summary>
            Hawaii Timezone
            </summary>
        </member>
        <member name="P:Amazon.DateTime.UniversalDateTime.DaylightOffset">
            <summary>
            Hour offset for when in daylight time
            </summary>
        </member>
        <member name="P:Amazon.DateTime.UniversalDateTime.StandardOffset">
            <summary>
            Hour offset for when in standard time
            </summary>
        </member>
        <member name="M:Amazon.DateTime.UniversalDateTime.Convert(System.DateTime)">
            <summary>
            Convert a utc <see cref="T:System.DateTime"/> value to the GMT timezone equivalent 
            </summary>
        </member>
        <member name="M:Amazon.DateTime.UniversalDateTime.Parse(System.String)">
            <summary>
            Parse a utc time string to get the universal (GMT) timezone
            </summary>
        </member>
        <member name="M:Amazon.DateTime.UniversalDateTime.TryParse(System.String,Amazon.DateTime.UniversalDateTime@)">
            <summary>
            TryParse a utc time string to get the hawaii timezone
            </summary>
        </member>
    </members>
</doc>
